pair_id,nct_id,pmid,registered_endpoint,published_endpoint,gold_switch_type,gold_direction,notes
NCT01105312_26774555,NCT01105312,26774555,Maximum-tolerated Dose (Phase I) [Time Frame: Up to 2.5 months] | Response Rate (Phase II) [Time Frame: from baseline up to 5 years post-registration],"A total of 12 patients (6 at each dose level) were enrolled, and 43 cycles of treatment were given. Of the 6 patients at dose level 1, 1 experienced dose-limiting toxicity (20-mg dose level; an increase in creatinine). At the 30-mg dose level, 3 of 6 patients experienced dose-limiting toxicity, 1 each of grade 3 thrombocytopenia with bleeding, grade 4 thrombocytopenia, and grade 3 diarrhea. The maximum tolerated dose was 20 mg. Of the 12 patients, 2 experienced a partial response, and 5 had stable disease. The most common severe adverse event was thrombocytopenia, occurring in 4 of 12 patients.",concordant,none,"Phase I/II: MTD and response rate both registered primaries, both reported."
NCT00696072_31667338,NCT00696072,31667338,"Number of Participants With Clinical Benefit (CBR) and Number of Participants With CBR Having a Disease Free Interval (DFI) Greater Than 2 Years - Evaluable Population [Time Frame: First dose of study drug to last dose plus 7 days, up to study completion (approximately 6 years)]",primary endpoint was clinical-benefit-rate (CBR; complete response + partial response + stable disease ≥6 months),concordant,none,"Publication states primary endpoint = clinical-benefit-rate (CBR), same construct as registered CBR."
NCT01806259_31800611,NCT01806259,31800611,Recurrence-free Survival [Time Frame: 5 years],"Between February 2013 and July 2015, 203 patients were assigned to ketorolac (n = 96) or placebo (n = 107). Baseline characteristics were similar between arms. Patients had a mean age of 55.7 (SD14) years. At two years, 83.1% of the patients were alive and disease free in the ketorolac vs. 89.7% in the placebo arm (HR: 1.23; 95%CI: 0.65-2.31) and, respectively, 96.8% vs. 98.1% were alive (HR: 1.09; 95%CI: 0.34-3.51).",minor_modification,timeframe_changed,Registered RFS at 5y; publication presents disease-free survival at 2y.
NCT00820222_25605838,NCT00820222,25605838,"Number of Participants With Central Nervous System (CNS) Metastases (as Assessed by Independent Review) as the Site of First Relapse [Time Frame: From randomization until disease progression, death, or discontinuation from the study (average of 10 months). Cut-off 11-Jun-2012]","The study was terminated early with 540 enrolled patients (271 received lapatinib-capecitabine, and 269 received trastuzumab-capecitabine). Incidence of CNS metastases as first site of relapse was 3% (eight of 251 patients) for lapatinib-capecitabine and 5% (12 of 250 patients) for trastuzumab-capecitabine (treatment differences, -1.6%; 95% CI, -2% to 5%; P = .360). PFS and OS were longer with trastuzumab-capecitabine versus lapatinib-capecitabine (hazard ratio [HR] for PFS, 1.30; 95% CI, 1.04 to 1.64; HR for OS, 1.34; 95% CI, 0.95 to 1.64). Serious adverse events were reported in 13% (34 of 269 patients) and 17% (45 of 267 patients) of patients in the lapatinib-capecitabine and trastuzumab-capecitabine arms, respectively.",concordant,none,CNS metastases as first site of relapse reported exactly as registered.
NCT03371017_38755096,NCT03371017,38755096,Overall Survival (OS) in PD-L1-positive Population [Time Frame: Time from randomization to death (Up to 68 months)] | OS in Modified Intent-to-treat (mITT) Population [Time Frame: Time from randomization to death (Up to 68 months)],"Among 354 patients with rapidly relapsing PD-L1-positive aTNBC, 68% had a disease-free interval of <6 months and 73% received carboplatin/gemcitabine. The OS hazard ratio was 0.93 (95% confidence interval 0.73-1.20, P = 0.59; median 11.2 months with placebo versus 12.1 months with atezolizumab). mITT and subgroup results were consistent. Median PFS was 4 months across treatment arms and populations. ORRs were 28% with placebo versus 40% with atezolizumab. Adverse events (predominantly haematological) were similar between arms and as expected with atezolizumab plus carboplatin/gemcitabine or capecitabine following recent chemotherapy exposure.",concordant,none,OS in PD-L1+ and mITT populations reported as registered.
NCT02177175_37256614,NCT02177175,37256614,Maximum Change in LVEF at 3 Months [Time Frame: 3 months] | Maximum Change in LVEF at 6 Months [Time Frame: 6 months] | Maximum Change in LVEF at 9 Months [Time Frame: 9 months] | Maximum Change in LVEF at 12 Months [Time Frame: 12 months],"Of 71 patients included in this study, median (IQR) age was 50 (44-58) years, all were treated with dose-dense doxorubicin, and 48 patients underwent breast radiotherapy. Ten of 71 patients (14%) in this analysis developed CTRCD. The level of cardiomyocyte cfDNA at the post-anthracycline time point was higher in patients who subsequently developed CTRCD (median, 30.5 copies/mL; IQR, 24-46) than those who did not (median, 7 copies/mL; IQR, 2-22; P = .004). Higher cardiomyocyte cfDNA level after completion of anthracycline chemotherapy was associated with risk of CTRCD (hazard ratio, 1.02 per 1-copy/mL increase; 95% CI, 1.00-1.03; P = .046).",moderate_switch,endpoint_replaced,Registered max LVEF change; publication reports cfDNA biomarker predicting CTRCD; registered primary not the focus.
NCT03853707_37023705,NCT03853707,37023705,Progression-free Survival (PFS) [Time Frame: Up to 36 months],"RP2D for Arm A (n = 10) was ipatasertib 300 mg daily, carboplatin AUC2, and paclitaxel 80 mg m-2 days 1, 8, and 15 every 28 days. RP2D for Arm B (n = 12) was ipatasertib 400 mg daily and carboplatin AUC2 days 1, 8, and 15 every 28 days. RP2D for Arm C (n = 6) was likely ipatasertib 300 mg 21 days on 7 days off, capecitabine 750 mg m-2, twice a day, 7 days on 7 days off, and atezolizumab 840 mg days 1 and 15 every 28 days. The most common (≥10%) grade 3-4 AEs at RP2D for Arm A (N = 7 at RP2D) were neutropenia (29%), diarrhea (14%), oral mucositis (14%), and neuropathy (14%); Arm B had diarrhea (17%) and lymphopenia (25%); and Arm C had anemia, fatigue, cognitive disturbance, and maculopapular rash (17% each). Overall responses at RP2D were 29% Arm A, 25% Arm B, and 33% Arm C. PFS was 4.8, 3.9, and 8.2 months for patients on Arms A, B, and C, respectively.",moderate_switch,endpoint_replaced,"Registered PFS; dose-finding paper reports RP2D + AEs, PFS not shown in the primary-endpoint text."
NCT01441596_26596672,NCT01441596,26596672,Patient Benefit Rate at 12 Weeks [Time Frame: 12 weeks from randomisation],"Between Dec 22, 2011, and Feb 12, 2013, we screened 132 patients, of whom 121 were eligible and randomly assigned to treatment: 40 to afatinib alone, 38 to afatinib plus vinorelbine, and 43 to investigator's choice. All patients discontinued study treatment before the data collection cutoff on Oct 16, 2014. Patient benefit was achieved in 12 (30·0%; 95% CI 16·6-46·5) patients given afatinib alone (difference vs investigator's choice: -11·9% [95% CI -32·9 to 9·7], p=0·37), 13 (34·2%; 19·6-51·4) given afatinib plus vinorelbine (difference vs investigator's choice: -7·6% [-28·9 to 14·2], p=0·63), and 18 (41·9%; 27·0-57·9) given investigator's choice. The most common treatment-related grade 3 or 4 adverse events were diarrhoea (seven [18%] of 40 patients in the afatinib only group vs nine [24%] of 37 patients in the afatinib plus vinorelbine group vs two [5%] of 42 patients in the investigator's choice group) and neutropenia (none vs 14 [38%] vs four [10%]).",concordant,none,Patient benefit rate at 12 weeks reported as registered.
NCT04505826_40598566,NCT04505826,40598566,"Dose Limiting Toxicities (DLT) [Time Frame: Up to 28 days from start of treatment] | Characterize the Incidence of Treatment Emergent Adverse Events (TEAEs) and Serious Adverse Events (SAEs) of OP-1250 That Had at Least One Treatment Emergent Adverse Event [Time Frame: Up to 3 years, 11 months, and 17 days.] | Pharmacokinetics of OP-1250 [Time Frame: AUC (0-24) at steady state after 4 weeks of administration] | Anti-tumor Activity of OP-1250 (cPR) [Time Frame: Imaging studies performed every 8 weeks from date of first dose through cycle 9 then afterwards every 12 weeks until date of first documented disease progression: assessed up to 3 years, 11 months, and 17 days]","This study enrolled 146 patients. No dose-limiting toxicities were observed at doses up to 300 mg/day palazestrant. Confirmed partial responses were observed with 60 and 120 mg/day palazestrant. Both doses showed similar and tolerable safety profiles, favorable pharmacokinetics, and steady-state plasma concentrations above the predicted threshold for complete ER inhibition. Greater clinical benefit at palazestrant 120 mg/day (46%) versus 60 mg/day (19%) led to selection of 120 mg/day as RP2D and study expansion dose. At 120 mg/day, the median progression-free survival was 4.8 months (95% CI, 3.5-7.1) overall and 5.6 months (95% CI, 4.8-NE) among patients with cancers with ESR1 mutations. Most treatment-emergent adverse events (TEAEs) were grade 1-2. The most common TEAEs were nausea (62.8%), vomiting (29.1%), and fatigue (25.6%). The most common grade ≥ 3 TEAE was transient neutropenia (10.5%) managed by dose interruption and reduction.",concordant,none,DLT and TEAE/SAE incidence reported as registered.
NCT00659373_27092785,NCT00659373,27092785,Change in Cognitive Function Over 1 Year in Premenopausal Breast Cancer Patients Who Receive Adjuvant Tamoxifen (T) Alone Against Those Receive Adjuvant Tamoxifen (T+OFS) or Exemestane (E+OFS) With Ovarian Function Suppression (OFS) [Time Frame: 1 year after patient randomization to parent IBCSG 24-02 study],"Of 86 participants, 74 underwent both T0 and T1 cognitive testing; 54 randomised to OFS+ either tamoxifen (28) or exemestane (26) and 20 randomised to tamoxifen alone. There was no significant difference in the changes in the composite cognitive function scores between the OFS+ tamoxifen or exemestane groups and the tamoxifen group (mean±s.d., -0.21±0.92 vs -0.04±0.49, respectively, P=0.71, effect size=-0.20), regardless of prior chemotherapy status, and adjusting for baseline characteristics.",concordant,none,Change in composite cognitive function over 1 year reported as registered.
NCT01086605_35445723,NCT01086605,35445723,Proportion of Confirmed Tumor Responses (Complete or Partial Response) [Time Frame: Up to 5 years],"Forty-five patients were evaluable, with 2 confirmed partial responses in group A and 1 in group B. The trial was terminated due to insufficient activity. Overall median PFS and OS were 2.8 (95% confidence interval [CI]: 2.0-4.1) and 16.8 (95% CI: 8.9-21.6) months, respectively. Notable overall grade 3-4 adverse events were the following: neutrophil count decrease (62%), fatigue (16%), and decrease in ejection fraction (EF) (4%).",concordant,none,Confirmed CR/PR responses reported as registered.
NCT03092934_33479856,NCT03092934,33479856,Phase 1: Maximum Tolerated Dose [Time Frame: Cycle 1 (21 days)] | Phase 2: Percentage of Participants Who Achieved Partial Response (PR) or Complete Response (CR) [Objective Response Rate (ORR)] [Time Frame: Baseline to Objective Disease Progression (Up to 11 months)],"Background Aurora A kinase (AurA) overexpression likely contributes to tumorigenesis and therefore represents an attractive target for cancer therapeutics. This phase 1 study aimed to determine the safety, pharmacokinetics, and antitumor activity of LY3295668 erbumine, an AurA inhibitor, in patients with locally advanced or metastatic solid tumors. Methods Patients with locally advanced or metastatic solid tumors, Eastern Cooperative Oncology Group performance status 0-1, and disease progression after one to four prior treatment regimens were enrolled. Primary objective was to determine maximum tolerated dose (MTD); secondary objectives included evaluation of the tolerability and safety profile and pharmacokinetics of LY3295668. All patients received twice-daily (BID) oral LY3295668 in 21-day cycles in an ascending-dose schedule. Results Twelve patients were enrolled in phase 1 (25 mg, n = 8; 50 mg, n = 2; 75 mg, n = 2) and one patient was enrolled after. Overall, four patients experienced dose-limiting toxicities (DLTs) within the first cycle (75 mg: Grade 3 diarrhea [one patient], Grade 4 mucositis and Grade 3 corneal deposits [one patient]; 50 mg: mucositis and diarrhea [both Grade 3, one patient]; 25 mg: Grade 3 mucositis [one patient]). Patients exhibiting DLTs had the highest model-predicted exposures at steady state. Mucositis was the most common adverse event (67%), followed by diarrhea, fatigue, alopecia, anorexia, constipation, and nausea. Nine patients had best response of stable disease; the disease control rate was 69%. Conclusions MTD of LY3295668 was 25 mg BID. LY3295668 had a manageable toxicity profile and demonstrated activity in some patients with locally advanced or metastatic solid tumors.Trial registration ClinicalTrials.gov, NCT03092934. Registered March 22, 2017. https://clinicaltrials.gov/ct2/show/NCT03092934 .",concordant,none,"Phase 1 paper: MTD is the reported primary, matches registered phase 1 primary."
NCT02732119_33722897,NCT02732119,33722897,Participants With Dose Limiting Toxicities by Preferred Term in Cycle 1 (28 Days) - in Phase I [Time Frame: Baseline up to 28 days] | Clinical Benefit Rate as Per Central Review by Group- Phase II [Time Frame: From baseline up to 24 weeks] | Best Overall Responses (BOR) Summary Table as Per Central Review by Group - Phase II [Time Frame: Baseline up to 24 weeks and at 24 weeks],primary endpoint (predetermined threshold: 10%),concordant,none,"Sparse published text ('primary endpoint, threshold 10%') consistent with a registered response-rate primary; no affirmative evidence of a change."
NCT02993159_37870954,NCT02993159,37870954,Change in Ki-67 Labeling Index [Time Frame: baseline to up to 10 weeks],primary end point analysis (40 in the oral tamoxifen group and 35 in the 4-hydroxytamoxifen gel group),concordant,none,Sparse published text; no affirmative evidence Ki-67 change endpoint was altered.
NCT02102490_28533223,NCT02102490,28533223,Percentage of Participants With Complete Response (CR) or Partial Response (PR) (Objective Response Rate [ORR]) [Time Frame: From Date of First Dose until Disease Progression or Death Due to Any Cause (Up To 14 Months)],"Purpose: The phase II MONARCH 1 study was designed to evaluate the single-agent activity and adverse event (AE) profile of abemaciclib, a selective inhibitor of CDK4 and CDK6, in women with refractory hormone receptor-positive (HR+), HER2- metastatic breast cancer (MBC).Experimental Design: MONARCH 1 was a phase II single-arm open-label study. Women with HR+/HER2- MBC who had progressed on or after prior endocrine therapy and had 1 or 2 chemotherapy regimens in the metastatic setting were eligible. Abemaciclib 200 mg was administered orally on a continuous schedule every 12 hours until disease progression or unacceptable toxicity. The primary objective of MONARCH 1 was investigator-assessed objective response rate (ORR). Other endpoints included clinical benefit rate, progression-free survival (PFS), and overall survival (OS).Results: Patients (n = 132) had a median of 3 (range, 1-8) lines of prior systemic therapy in the metastatic setting, 90.2% had visceral disease, and 50.8% had ≥3 metastatic sites. At the 12-month final analysis, the primary objective of confirmed objective response rate was 19.7% (95% CI, 13.3-27.5; 15% not excluded); clinical benefit rate (CR+PR+SD≥6 months) was 42.4%, median progression-free survival was 6.0 months, and median overall survival was 17.7 months. The most common treatment-emergent AEs of any grade were diarrhea, fatigue, and nausea; discontinuations due to AEs were infrequent (7.6%).Conclusions: In this poor-prognosis, heavily pretreated population with refractory HR+/HER2- metastatic breast cancer, continuous dosing of single-agent abemaciciclib was well tolerated and exhibited promising clinical activity. Clin Cancer Res; 23(17); 5218-24. ©2017 AACR.",concordant,none,MONARCH-1: ORR is the well-established primary; no affirmative evidence of change.
NCT02448771_36215125,NCT02448771,36215125,"Clinical Benefit Rate [Time Frame: Assessed for response for up to 34 months] | Clinical Benefit Rate by ESR1 Genotype [Time Frame: Assessed for response for up to 34 months] | Percent of Participants With All Grade Neutrophil Count Decrease [Time Frame: Baseline, until resolution or for 30 days after the subject's last study visit, up to 43 months.]","primary endpoint, with a clinical benefit rate of 33",concordant,none,Publication reports 'primary endpoint ... clinical benefit rate of 33%' = registered CBR primary.
NCT03620643_35119530,NCT03620643,35119530,"Percentage of Breast Cancer Cohort Participants With Confirmed Response Assessed Using RECIST v1.1 [Time Frame: From Day 1 to Progressive Disease, assessed up to end of study (Approximately 57 months)] | Percentage of Basket Cohort Participants With Confirmed Response Assessed Using RECIST v1.1 [Time Frame: From Day 1 to Progressive Disease, assessed up to end of study (Approximately 57 months)]","Three of 16 patients with early TN ILC and 7/33 with early HER2+ ILC received NAC with pCR rates of 0/3 and 3/5 patients who underwent surgery, respectively. Median DFI was 28.5 months [95% Confidence interval (95%CI) 15-78.8] for TN ILC and not reached (NR) (111.2-NR) for HER2+ early ILC. Five-year OS was 52% (95%CI 23-74%) and 77% (95%CI 58-88%), respectively. Twenty-three patients with advanced TN ILC and 14 patients with advanced HER2+ ILC were identified. Median OS was 18.3 months (95%CI 13.0-32.8 months) and 30.4 months (95%CI 8.8-NR), respectively.",moderate_switch,endpoint_replaced,"Registered confirmed response rate (RECIST); publication reports pCR, DFI and OS instead."
NCT00317720_21730275,NCT00317720,21730275,Optimal Dose of RAD001 in Combination With Trastuzumab (Phase I) [Time Frame: Following two 3 week cycles of therapy] | Clinical Benefit Response Rate (CBR) [Time Frame: 6 weeks],"Among 47 patients, the combination of everolimus and trastuzumab provided partial responses in seven patients (15%) and persistent stable disease (lasting 6 months or longer) in nine patients (19%), resulting in a clinical benefit rate of 34%. The median progression-free survival (PFS) was 4.1 month. Fatigue, infection, and mucositis were the predominant nonhematologic toxicities. Trastuzumab did not have significant influence on the pharmacokinetic profile of everolimus. Patients with PTEN loss demonstrated decreased overall survival (P = .048). However, PFS was not affected by PTEN loss.",minor_modification,definition_changed,Registered CBR at 6 weeks; publication reports CBR with SD >=6 months (changed benefit definition/timeframe).
NCT00423917_23798616,NCT00423917,23798616,Six-month Progression-free Survival (PFS) Rate at 6 Months [Time Frame: at 6 months],"At interim analysis, 20 eligible patients initiated treatment, 11 were progression free and on treatment at 3 months, not meeting the protocol-specified efficacy requirements (at least 12 of 20). Accrual remained open during interim analysis with 36 patients enrolling before final study closure. Among the 33 eligible patients, the median PFS was 6.2 months [95% confidence interval (CI) 3.6-10.1 months]. Of the 18 with measurable disease, 4 (22%) patients (95% CI 6% to 48%) had a confirmed tumor response (1 complete, 3 partial). The most common grade 3/4 adverse events were hypertension 3 (9%) and headache 3 (9%).",minor_modification,definition_changed,Registered 6-month PFS rate; publication reports median PFS instead (metric change of same PFS construct).
NCT00821886_20012354,NCT00821886,20012354,Pathologic Complete Response (pCR) [Time Frame: average18 months],"The epothilone B analogue, ixabepilone, binds to b-tubulin, is effective for taxane-refractory metastatic breast cancer (MBC), and may be given every 3 weeks or weekly. We evaluated the efficacy of weekly ixabepilone (I) plus trastuzumab (T) and carboplatin (C) as first line therapy in HER2 + MBC. Patients with HER2+ (3+ by IHC or FISH amplified) MBC received I (15 mg/m2 IV) and C (area under the curve, AUC = 2 IV) on days 1, 8, and 15 of a 28-day cycle for a maximum of 6 cycles, plus weekly T (4 mg/kg loading dose then 2 mg/kg IV) during chemotherapy then every 3 weeks (6 mg/kg IV) until disease progression. The primary objective was to determine whether the combination was associated with a response rate (RR) of at least 75%. Fifty-nine patients were treated, and 39 had HER2 overexpression confirmed in a central lab (cHER2+). For all treated patients, objective response occurred in 26 patients (44%; 95% CI 31-58%), median time to progression was 8.2 months (95% CI 6.3-9.9), and median overall survival was 34.7 months (95% CI 25.7 to [not reached]). Results were comparable for cHer2? cancers. Grade 3-4 adverse events included neutropenia (49%), thrombocytopenia (14%), fatigue (12%), nausea (7%), diarrhea (7%), and neuropathy (7%). One patient died from treatment complications during cycle 1. Weekly ixabepilone and carboplatin plus trastuzumab have an acceptable toxicity profile, but are not likely to be associated with an RR of 75% in HER2+ MBC. Efficacy appears comparable to paclitaxel, carboplatin, and trastuzumab.",moderate_switch,endpoint_replaced,Registered pCR (a neoadjuvant endpoint) for a metastatic trial; publication reports a response endpoint instead.
